Best_val_model_idx,Beam_size,Bleu_1,Bleu_2,Bleu_3,Bleu_4,Bleu_4_NLTK,METEOR,ROUGE_L,CIDEr
16,5,0.728937044544185,0.5617520729478064,0.42533050345867013,0.32249901104420625,0.32249901104420936,0.25507897272438296,0.5385257735888515,1.002198017499482
