Best_val_model_idx,Beam_size,Bleu_1,Bleu_2,Bleu_3,Bleu_4,Bleu_4_NLTK,METEOR,ROUGE_L,CIDEr
16,5,0.7294731664022992,0.565788705709714,0.43206672256871204,0.3305791913008084,0.33057919130081154,0.25753530302142447,0.5407508303930786,1.0169634834689139
