Best_val_model_idx,Beam_size,Bleu_1,Bleu_2,Bleu_3,Bleu_4,Bleu_4_NLTK,METEOR,ROUGE_L,CIDEr
9,5,0.7287384376689178,0.5604975678698554,0.4253500386316258,0.3237760701451191,0.3237760701451222,0.2567653784983745,0.538153279678515,1.0075502958710982
