Best_val_model_idx,Beam_size,Bleu_1,Bleu_2,Bleu_3,Bleu_4,Bleu_4_NLTK,METEOR,ROUGE_L,CIDEr
9,5,0.7314625418423221,0.5637687727399125,0.427683066651175,0.32564749618284233,0.3256474961828454,0.256622389150332,0.5392366585046611,0.9982348860082357
