Best_val_model_idx,Beam_size,Bleu_1,Bleu_2,Bleu_3,Bleu_4,Bleu_4_NLTK,METEOR,ROUGE_L,CIDEr
6,5,0.708296253995452,0.5345139586006405,0.3985311761378309,0.29792361778586707,0.29792361778586984,0.24659871691683272,0.5213330519084339,0.9177511835822251
