Best_val_model_idx,Beam_size,Bleu_1,Bleu_2,Bleu_3,Bleu_4,Bleu_4_NLTK,METEOR,ROUGE_L,CIDEr
6,5,0.7052635808173349,0.5316590139331788,0.3965147724363289,0.2969892082203734,0.2969892082203761,0.24620417067590833,0.5190515729568489,0.9209181291443858
