Best_val_model_idx,Beam_size,Bleu_1,Bleu_2,Bleu_3,Bleu_4,Bleu_4_NLTK,METEOR,ROUGE_L,CIDEr
2,5,0.7016393881851422,0.5314365526523488,0.3964095089776986,0.2977741730562862,0.297774173056289,0.2427009187827348,0.5185384342065725,0.9128173912297437
