Best_val_model_idx,Beam_size,Bleu_1,Bleu_2,Bleu_3,Bleu_4,Bleu_4_NLTK,METEOR,ROUGE_L,CIDEr
2,5,0.7051599144347607,0.5326277290176632,0.3982976432546422,0.2989218883566803,0.2989218883566832,0.24436852225045733,0.5192311142786435,0.9218279050030992
