Best_val_model_idx,Beam_size,Bleu_1,Bleu_2,Bleu_3,Bleu_4,Bleu_4_NLTK,METEOR,ROUGE_L,CIDEr
2,5,0.6039841753130152,0.41701514356419295,0.2919582224442374,0.2098222354652573,0.20982223546525927,0.18954397650296698,0.44541609537938076,0.5645831938006852
