Best_val_model_idx,Beam_size,Bleu_1,Bleu_2,Bleu_3,Bleu_4,Bleu_4_NLTK,METEOR,ROUGE_L,CIDEr
2,5,0.6021527855501597,0.4169636031309289,0.2925159341824463,0.20914433831378515,0.20914433831378718,0.19051252873819946,0.4456790621489776,0.5714213767796344
