Best_val_model_idx,Beam_size,Bleu_1,Bleu_2,Bleu_3,Bleu_4,Bleu_4_NLTK,METEOR,ROUGE_L,CIDEr
2,5,0.6138842875394354,0.42863376977529105,0.30354703248125575,0.22117006674586956,0.22117006674587159,0.2000057764132355,0.4560605732523846,0.619379905465009
