Best_val_model_idx,Beam_size,Bleu_1,Bleu_2,Bleu_3,Bleu_4,Bleu_4_NLTK,METEOR,ROUGE_L,CIDEr
2,5,0.6142792886223759,0.43195131558605404,0.30743569673105653,0.22490775964727688,0.22490775964727894,0.20093858269600115,0.45592739473616156,0.633697852688616
