Best_val_model_idx,Beam_size,Bleu_1,Bleu_2,Bleu_3,Bleu_4,Bleu_4_NLTK,METEOR,ROUGE_L,CIDEr
15,5,0.639157586111549,0.4591129619674367,0.33186828445454947,0.24357470203968287,0.24357470203968515,0.20918006472959852,0.4722910737078404,0.691170311920615
