Best_val_model_idx,Beam_size,Bleu_1,Bleu_2,Bleu_3,Bleu_4,Bleu_4_NLTK,METEOR,ROUGE_L,CIDEr
15,5,0.635373547766897,0.4533437299608773,0.3255378078351074,0.23799236864053527,0.2379923686405375,0.2064992128994235,0.47107859057720364,0.6734373847311755
