Best_val_model_idx,Beam_size,Bleu_1,Bleu_2,Bleu_3,Bleu_4,Bleu_4_NLTK,METEOR,ROUGE_L,CIDEr
4,5,0.6249037176623148,0.44397523493856694,0.31615524301610326,0.23017038342163723,0.23017038342163948,0.2004103288508634,0.4609802566728522,0.6372901454960402
