Best_val_model_idx,Beam_size,Bleu_1,Bleu_2,Bleu_3,Bleu_4,Bleu_4_NLTK,METEOR,ROUGE_L,CIDEr
4,5,0.6267629616691264,0.4460754101919764,0.31832841933945916,0.23195510354226692,0.23195510354226923,0.2023844519854441,0.46300748083022614,0.6578627504814434
